{"IcoMoonType":"selection","icons":[{"icon":{"paths":["M530.745 66.021c24.994-25.967 65.516-25.967 90.51 0l383.996 398.961c12.009 12.47 18.749 29.383 18.749 47.018s-6.74 34.548-18.749 47.018l-383.996 398.962c-24.994 25.963-65.516 25.963-90.51 0-24.993-25.972-24.993-68.070 0-94.037l274.746-285.449h-741.491c-35.346 0-64-29.77-64-66.494s28.654-66.493 64-66.493h741.491l-274.746-285.45c-24.993-25.967-24.993-68.069 0-94.036z"],"attrs":[{}],"isMulticolor":false,"isMulticolor2":false,"grid":0,"tags":["arrow"]},"attrs":[{}],"properties":{"order":6,"id":2,"name":"arrow","prevSize":32,"code":59649},"setIdx":0,"setId":2,"iconIdx":1}],"height":1024,"metadata":{"name":"icomoon"},"preferences":{"showGlyphs":true,"showQuickUse":true,"showQuickUse2":true,"showSVGs":true,"fontPref":{"prefix":"icon-","metadata":{"fontFamily":"icomoon"},"metrics":{"emSize":1024,"baseline":6.25,"whitespace":50},"embed":false},"imagePref":{"prefix":"icon-","png":true,"useClassSelector":true,"color":0,"bgColor":16777215,"classSelector":".icon"},"historySize":50,"showCodes":true,"gridSize":16,"showGrid":true}}